subtitle,author,url,text,section,title,date
Nao tem subtitle,Nao tem autor,https://www.oantagonista.com/brasil/ele-disse-que-errou/,"Paulo Guedes vai tentar se controlar mais nos próximos embates com parlamentares.O senador Jorge Kajuru disse ao Estadão depois de se reunir com o ministro:“Ele disse que errou e que não devia ter respondido e que a partir de agora não vai mais fazer isso. Disse que já estava preparado para as ofensas, só não imaginava o nível.”",Brasil,“Ele disse que errou”,05/04/2019 10:24:24
Nao tem subtitle,Nao tem autor,https://www.oantagonista.com/economia/reforma-reforma-e-reforma/,"No evento do Lide de João Doria em Campos de Jordão, só se fala na reforma da Previdência.Nos bastidores, empresários temem o tamanho da desidratação da proposta pelo Congresso e comentam o que consideram “erros de condução” na articulação política.Os ministros Paulo Guedes, Ricardo Vélez e Ricardo Salles participam hoje da programação. Rodrigo Maia e Davi Alcolumbre, além de cinco governadores, também vão estar presentes ao longo do evento.",Economia,"Reforma, reforma e reforma",05/04/2019 10:06:23
Nao tem subtitle,Nao tem autor,https://www.oantagonista.com/economia/fuga-para-o-paraguai/,"No evento do Lide de João Doria, em Campos do Jordão, empresários comentam nos bastidores que “está muito melhor para investir no Paraguai”, onde custo e burocracia são menores do que no Brasil.Quem já está com um pé no país vizinho é o empresário Flávio Rocha, da Riachuelo.",Economia,A fuga para o Paraguai,05/04/2019 10:13:42
Nao tem subtitle,Renan Ramalho,https://www.oantagonista.com/brasil/agu-quer-recuperar-r-25-bilhoes-desviados-nos-proximos-2-anos/,"A Advocacia-Geral da União tem como meta recuperar R$ 25 bilhões nos próximos 2 anos em acordos de leniência com empresas investigadas por corrupção.“Nós temos que ser ambiciosos”, disse hoje o chefe do órgão, durante café com jornalistas.",Brasil,AGU quer recuperar R$ 25 bilhões desviados nos próximos 2 anos,05/04/2019 10:18:49
Nao tem subtitle,Nao tem autor,https://www.oantagonista.com/brasil/bolsonaro-encerra-casamento-com-velez/,"O noivado de Jair Bolsonaro com Vélez Rodríguez acabou.O presidente disse hoje para jornalistas reunidos no Palácio do Planalto:“Está bastante claro que não está dando certo o ministro Vélez. Na segunda-feira, vamos tirar a aliança da mão direita, ou vai para a esquerda ou vai para a gaveta”",Brasil,Bolsonaro encerra noivado com Vélez,05/04/2019 10:16:05
Nao tem subtitle,Nao tem autor,https://www.oantagonista.com/brasil/kajuru-se-eu-visse-gilmar-sairia-voando/,"Jorge Kajuru foi perguntado pela Veja se o governo atuou contra a CPI da Lava Toga.Ele respondeu:“Parte dele foi contra. Fui ao gabinete de Flávio Bolsonaro há quatro semanas e ele perguntou: ‘Kajuru, você quer criar uma crise?’. Outro senador me disse que não apoia a CPI porque receber Gilmar Mendes toda semana para jantar. Até me convidou, mas respondi: ‘Pássaros e porcos não se sentam à mesma mesa. Se eu visse Gilmar, sairia voando’”.A esse propósito,  do senador Alessandro Vieira na .",Brasil,"Kajuru: “Se eu visse Gilmar, sairia voando”",05/04/2019 10:11:35
Nao tem subtitle,Nao tem autor,https://www.oantagonista.com/brasil/um-ministro-sendo-desrespeitado-e-reagindo/,"No encontro do Lide em Campos do Jordão, Rodrigo Maia comentou a atuação de Paulo Guedes na CCJ da Câmara na última quarta-feira.O presidente da Câmara disse ao Estadão:“Tem muita gente jovem, muita gente começando. [A base] não se organizou da melhor forma, do meu ponto de vista. Mas não adianta olhar para trás. Temos que olhar para a frente. Quando o ministro for para a comissão especial, vamos deixar claro que queremos ouvi-lo sobre Previdência. Um debate de alto nível. A imagem que ficou foi ruim para o Brasil: um ministro sendo desrespeitado e reagindo depois de 8 horas. Não foi bom para o parlamento, nem para o Brasil. Aprendemos sempre com nossos erros. O erro é sempre coletivo.”",Brasil,“Um ministro sendo desrespeitado e reagindo”,05/04/2019 10:29:23
Nao tem subtitle,Renan Ramalho,https://www.oantagonista.com/brasil/relator-pacote-anticrime-no-senado-quer-aprovar-ate-maio-prisao-em-2a-instancia/,"Relator do maior parte do pacote anticrime no Senado, Marcos do Val (PPS-ES) disse a  que planeja aprovar até maio a prisão em segunda instância, da qual disse não abrir mão.Se na Câmara, mesmo os deputados aliados do governo já admitem deixar a medida pelo caminho para salvar o restante da pacote, Marcos do Val considera que ela é essencial.“Se não for aprovada a prisão em segunda instância, não vai adiantar aumentar as penalidades se os condenados vão continuar soltos até prescrever”, resumiu o senador, estreante no Parlamento.Ele vê clima mais favorável entre os senadores para aprovar a proposta que entre deputados. E diz que o adiamento da decisão sobre a questão no STF não interfere nos planos de aprovação.“O que está acontecendo na nossa Casa é que os senadores não estão admitindo STF e STJ legislando”, afirmou.",Brasil,Relator do pacote anticrime no Senado quer aprovar até maio prisão em 2ª instância,05/04/2019 10:00:27
Nao tem subtitle,Nao tem autor,https://www.oantagonista.com/brasil/qual-o-crime-de-magno-malta/,"Uma liderança do PR até hoje se pergunta sobre por que Magno Malta não conseguiu nada no governo.“Ainda não consigo entender. Ele esteve ao lado do Jair Bolsonaro o tempo todo, desde o início, e ficou sem nada. Que crime tão grave o Malta cometeu? Ninguém nunca soube me responder.”",Brasil,Qual o crime de Magno Malta?,05/04/2019 09:30:12
Nao tem subtitle,Nao tem autor,https://www.oantagonista.com/economia/salario-minimo-sem-aumento-real-2/,"Jair Bolsonaro quer que o salário mínimo seja corrigido apenas pela inflação, sem aumento real.O Globo diz que, segundo estimativas da equipe econômica, “o impacto positivo no próximo ano pode chegar a 7,6 bilhões de reais”. ",Economia,Salário mínimo sem aumento real,05/04/2019 09:45:44
Nao tem subtitle,Nao tem autor,https://www.oantagonista.com/brasil/exercito-robotizado/,"Um levantamento da NetLab, feito a pedido da Veja, concluiu que, “dos vinte campeões de postagens pró-Bolsonaro no Twitter, seis eram claramente robôs e outros nove apresentavam movimentação altamente suspeita.O exército robotizado faz as postagens de Bolsonaro chegar a um público maior do que os seus 26,9 milhões de seguidores nas redes sociais”.",Brasil,Exército robotizado,05/04/2019 09:39:07
Nao tem subtitle,Nao tem autor,https://www.oantagonista.com/brasil/quem-pode-soltar-lula/,"Quem pode soltar Lula?A  conta que a rádio-corredor dos ministros do STJ registra que é grande a pressão sobre os ombros do ministro Reynaldo Soares da Fonseca, um dos cinco integrantes da turma que julgará o recurso que pode tirar Lula da cadeia.Leia a nota completa .",Brasil,Quem pode soltar Lula?,05/04/2019 09:53:27
Nao tem subtitle,Nao tem autor,https://www.oantagonista.com/brasil/tv-olavete/,"Os olavetes demitidos do MEC arrumaram uma boquinha na TV Escola.“O canal de comunicação financiado pelo MEC é gerido pela Associação de Comunicação Educativa Roquette Pinto, organização social que recebeu 92,6 milhões de reais dos cofres públicos federais no ano passado”, diz O Globo.Os olavetes são Tiago Tondinelli, Eduardo Freire de Melo e Rodrigo de Almeida Morais.",Brasil,TV Olavete,05/04/2019 08:44:10
Nao tem subtitle,Nao tem autor,https://www.oantagonista.com/brasil/o-aprendiz-3/,João Doria disse para o Valor que o PSDB não será mais um “depósito de derrotados” nem de “desempregados”.Ele rejeitou também a proposta de “rodízio” no comando do partido e avisou que “quem tem voto” mandará na sigla.,Brasil,O Aprendiz,05/04/2019 08:55:36
Nao tem subtitle,Nao tem autor,https://www.oantagonista.com/brasil/o-primeiro-demitido-por-velez/,"A primeira demissão no MEC ocorreu antes mesmo de o ano virar e o novo governo assumir.Depois de participar de toda a transição, o cientista político Antônio Flávio Testa, que havia sido indicado para ser o número 2 da pasta como secretário-executivo, foi chamado por Ricardo Vélez, que disse estar “incomodado” com sua postura e o afastou do grupo.Era apenas o início dos rompantes do colombiano, que até agora não conseguiu montar uma equipe sólida.No Congresso, até apoiadores de Jair Bolsonaro já começaram a reconhecer que é preciso pressionar o presidente para aprimorar a gestão no ministério — .",Brasil,O primeiro demitido por Vélez,05/04/2019 08:30:07
Nao tem subtitle,Nao tem autor,https://www.oantagonista.com/brasil/os-telefonemas-de-toffoli-e-gilmar/,"Alessandro Vieira, em entrevista à , contou que todos os senadores receberam telefonemas para enterrar a CPI da Lava Toga.De quem?“Do Toffoli, do Gilmar. Um senador me disse que outro ministro também ligou. E os argumentos contra a CPI foram se amoldando. Primeiro, que não podia ter CPI porque juridicamente não era possível. Depois, foram mudando para a história de uma crise institucional que poderia parar o país. Em alguns casos, a movimentação era triangular. Ministros do Supremo pediam a outras pessoas para pressionarem. Em vez de o ministro ligar diretamente, ele pedia para alguém que tinha influência sobre o senador ligar. O empresário Benjamin Steinbruch, por exemplo, ligou para o Cid Gomes. Duas senadoras do PSL, Soraya (Thronicke) e Selma (Arruda), foram muito pressionadas pelo Flávio Bolsonaro. Ele não assinou a CPI. Primeiro, disse que não assinava para não comprometer o pai. E depois passou abertamente a defender que não tivesse CPI para não gerar uma crise institucional.”A entrevista completa pode ser lida .",Brasil,Os telefonemas de Toffoli e Gilmar,05/04/2019 09:08:24
Nao tem subtitle,Nao tem autor,https://www.oantagonista.com/brasil/a-farra-do-boi/,"A PF grampeou Joesley Batista no dia do triunfo eleitoral de Dilma Rousseff, em 2014.A  obteve esses grampos inéditos.Joesley Batista e Ricardo Saud comemoram o resultado com Michel Temer, Fernando Pimentel, Eduardo Cunha, Henrique Meirelles e com o assessor de Edinho Silva.A reportagem da , com os áudios dos protagonistas, revelam a promiscuidade da JBS com o poder.Leia – e escute – . ",Brasil,A farra do boi,05/04/2019 08:33:04
Nao tem subtitle,Nao tem autor,https://www.oantagonista.com/brasil/o-novo-lider-2/,"O PRB tem grandes chances de assumir a liderança do governo na Câmara, diz a .Além de João Campos, o deputado baiano João Roma também está no páreo para ser o sucessor de Major Vitor Hugo, do PSL, atual líder.Leia a nota completa .",Brasil,O novo líder,05/04/2019 08:05:48
Nao tem subtitle,Diego Amorim,https://www.oantagonista.com/brasil/bolsonaro-recebera-liderancas-pr-sem-valdemar/,"Na próxima terça-feira, será a vez de Jair Bolsonaro receber dirigentes e lideranças do PR, que tem 38 deputados e 2 senadores.A comitiva do partido será formada pelo ex-ministro Alfredo Nascimento, pelos senadores Jorginho Mello e Wellington Fagundes, pelo presidente da legenda, José Tadeu Candelária, e pelo novo líder na Câmara, deputado Wellington Roberto.Valdemar Costa Neto, quem de fato ainda comanda as articulações do partido, não vai pisar no Palácio do Planalto.“Vamos ouvir. Até porque o convite foi formulado pelo governo. Quem convida tem que pagar a conta. O presidente que vai ter que dizer por que nos convidou”, disse Roberto a .O líder acrescentou que não há chance de o PR fechar questão sobre a reforma da Previdência — o partido é contra, por exemplo, as mudanças no BPC, na aposentadoria rural e dos professores.",Brasil,Bolsonaro receberá lideranças do PR (sem Valdemar),05/04/2019 08:00:11
Nao tem subtitle,Nao tem autor,https://www.oantagonista.com/sociedade/ana-paula-e-o-politicamente-insano/,"Ana Paula Henkel escreveu para a  uma coluna imperdível sobre Tiffany.Leia um trechinho:“Para quem não acompanha o vôlei feminino brasileiro, Tiffany, que foi Rodrigo na maior parte da sua vida, tem 34 anos. Há pouco mais de dois anos tem níveis de testosterona compatíveis com o esporte feminino, mas por três décadas, quando jogava vôlei em ligas profissionais como Rodrigo, construiu um corpo de 1,94m de estrutura e músculos masculinos. É justo que agora participe de competições com quem é mulher desde que nasceu, que tem ossos, músculos, ligamentos e capacidade aeróbica tipicamente femininas? Você sabe a resposta.”A coluna completa pode (e deve) ser lida .",Sociedade,Ana Paula e o politicamente insano,05/04/2019 07:47:57
Nao tem subtitle,Nao tem autor,https://www.oantagonista.com/brasil/pf-continua-investigar-esfaqueador-de-bolsonaro/,"A  acompanha de perto o inquérito da PF sobre Adélio Bispo, o homem que tentou assassinar Jair Bolsonaro.Ainda há investigações em curso para averiguar as suspeitas da polícia de que o PCC teria alguma relação com o caso.Leia a nota completa .",Brasil,PF continua a investigar esfaqueador de Bolsonaro,05/04/2019 08:00:43
Nao tem subtitle,Nao tem autor,https://www.oantagonista.com/brasil/os-banqueiros-pt/,"A Lava Jato vem tentando ouvir Lula na investigação que mira a relação de banqueiros com o PT, diz a .Os advogados do petista, porém, estão fazendo de tudo para evitar.Leia a nota completa .",Brasil,Os banqueiros do PT,05/04/2019 08:14:00
Nao tem subtitle,Nao tem autor,https://www.oantagonista.com/brasil/estou-preparado-para-governar-o-nosso-pais/,"O governador do Rio de Janeiro, Wilson Witzel, anunciou mais uma vez que pretende se candidatar ao Palácio do Planalto.Ele disse à BBC:“Eu estudei a minha vida inteira, estou preparado para governar o Rio de Janeiro e estou preparado para governar o nosso país. Fiz mestrado, estou terminando meu doutorado e não paro de estudar nunca. Acho que o Brasil precisa sempre de líderes que possam dar as gerações futuras melhores oportunidades. É isso que quero fazer pelo nosso país. A vida é feita de planejamento. O presidente Bolsonaro tem meu respeito. Se ele não for candidato, eu quero dar continuidade a um projeto de transformação do Brasil e resgate da economia do nosso país. O Ministro Paulo Guedes pensa exatamente como eu penso. Temos que ter maior liberalismo econômico, atrair o capital estrangeiro, investir em infraestrutura.”",Brasil,“Estou preparado para governar o nosso país”,05/04/2019 09:18:32
Nao tem subtitle,Nao tem autor,https://www.oantagonista.com/brasil/a-caravana-passa-3/,"O coordenador da caravana “Lula Livre com Fernando Haddad” já se prepara para o fracasso.Ele disse para o Valor:“Não tem como ser no padrão de mobilização como era com Lula. Só ele consegue aquele público.”Gleisi Hoffmann concorda:“Mas é importante para mostrar a nossa solidariedade, defender a liberdade de Lula e reforçar que essa prisão é uma barbaridade.”",Brasil,A caravana esvaziada,05/04/2019 07:05:52
Nao tem subtitle,Renan Ramalho,https://www.oantagonista.com/brasil/moraes-quer-saber-destino-de-todo-o-dinheiro-pago-em-condenacoes/,"Alexandre de Moraes requisitou a todos os tribunais do país informações sobre o destino do dinheiro pago por condenados em multas e ressarcimentos por desvios e prejuízos aos cofres públicos.A ordem foi emitida dentro da ação na qual PT e PDT questionam o poder do Ministério Público para direcionar a aplicação dos recursos, como foi feito na criação de um fundo com R$ 1,25 bilhão pagos pela Petrobras.O ministro é relator da ação, que busca dar à União o poder sobre os recursos.",Brasil,Moraes quer saber destino de todo o dinheiro pago em condenações,05/04/2019 07:00:16
Nao tem subtitle,Nao tem autor,https://www.oantagonista.com/brasil/bolsonaro-e-novo-2/,"A pesquisa da XP tem um dado positivo para Jair Bolsonaro: 62% dos entrevistados responderam que ele representa a nova política.Quando perguntados sobre o que caracterizaria uma nova política, o combate à corrupção apareceu em primeiro lugar, com 74%.",Brasil,Bolsonaro é novo,05/04/2019 07:31:17
Nao tem subtitle,Renan Ramalho,https://www.oantagonista.com/brasil/armadilha-de-jaques-wagner-para-o-pacote-anticrime/,"Uma emenda apresentada por Jaques Wagner (PT-BA) no pacote anticrime poderá, se aprovada, diminuir de 12 para 5 anos a pena máxima do crime de corrupção, caso a propina seja paga como doação não declarada de campanha.A armadilha está no projeto que define de forma mais precisa o crime de caixa 2 e vai na direção oposta ao que propôs o ministro Sergio Moro.O texto original deixa mais claro que o recebimento de recursos não contabilizados para campanha é um crime eleitoral, com pena de 2 a 5 anos de prisão.Mas também estabelece que, se houver contrapartida à doação eleitoral, o político deixa de ser punido por caixa 2 para ser enquadrado por corrupção, cuja pena varia de 5 a 12 anos de prisão, conforme o Código Penal.Se há tentativa de esconder o pagamento, aplicam-se mais 3 a 10 anos por lavagem de dinheiro.Na prática, a emenda de Wagner propõe que a punição do caixa 2 se aplique a atos de corrupção e lavagem, se o político conseguir provar que o dinheiro era destinado à sua campanha.",Brasil,A armadilha de Jaques Wagner para o pacote anticrime,05/04/2019 07:30:28
Nao tem subtitle,Nao tem autor,https://www.oantagonista.com/brasil/cem-dias-de-pesquisas/,"Os cem dias de Jair Bolsonaro estão sendo comemorados com uma série de pesquisas.As taxas de ótimo ou bom, até agora, foram as seguintes:– 34% (Ibope)– 36% (Ipespe)– 38% (Ideia Big Data)– 30,5% (Atlas Político)",Brasil,Cem dias de pesquisas,05/04/2019 06:54:45
Nao tem subtitle,Nao tem autor,https://www.oantagonista.com/brasil/bolsonaro-perde-mais-4-pontos/,"Jair Bolsonaro, segundo a pesquisa da XP, está caindo mais lentamente.Ele é considerado bom ou ótimo por 35% do eleitorado (eram 37% no mês passado) e ruim ou péssimo por 26% (eram 24%).",Brasil,Bolsonaro perde mais 4 pontos,05/04/2019 07:20:55
Nao tem subtitle,Nao tem autor,https://www.oantagonista.com/economia/brexit-adiado-2/,A União Européia ofereceu o adiamento do Brexit por um ano.Theresa May pediu prazo até 30 de junho.,Economia,Brexit adiado,05/04/2019 05:42:05
Nao tem subtitle,Nao tem autor,https://www.oantagonista.com/brasil/gleisi-contavamos-que-lula-seria-solto-agora/,"Gleisi Hoffmann contava com a soltura de Lula na semana que vem, com o julgamento do STF.Ela disse para o Valor:“Estamos apreensivos com esse adiamento. Contávamos que Lula seria solto agora, para abreviar o calvário na prisão. Quanto mais demora, mais fica difícil.”",Brasil,Gleisi: “Contávamos que Lula seria solto agora”,05/04/2019 06:09:03
Nao tem subtitle,Nao tem autor,https://www.oantagonista.com/brasil/vamos-abrir-caixa-preta-judiciario/,"O senador Alessandro Vieira, em entrevista à , disse que a CPI da Lava Toga ainda pode sair:“A perspectiva é positiva. Vamos aguardar o parecer na CCJ e buscar apoio lá dentro. O movimento do PT e MDB é forte, contrário à CPI. Mas acredito em uma análise mais técnica na CCJ. Sigo dizendo que é questão de tempo. Acredito que ela sairá. Vamos abrir a caixa-preta do Judiciário.”Os mais de 70 mil assinantes da  podem ler a entrevista completa .",Brasil,“Vamos abrir a caixa-preta do Judiciário”,05/04/2019 06:16:30
Nao tem subtitle,Nao tem autor,https://www.oantagonista.com/brasil/pf-no-rastro-ministro-turismo/,"O ministro do Turismo ainda não foi demitido, provocando um desgaste desnecessário ao governo.Nesta sexta-feira, a Folha de S. Paulo informa que a PF “vê elementos de participação de Marcelo Álvaro Antônio no esquema de candidaturas de laranjas do PSL em Minas Gerais na eleição de 2018.Investigadores apuram inicialmente a suspeita do crime de falsidade ideológica. Outro crime em apuração é o de lavagem de dinheiro.”",Brasil,PF no rastro do ministro do Turismo,05/04/2019 06:38:06
Nao tem subtitle,Nao tem autor,https://www.oantagonista.com/brasil/o-que-falta-temer/,"Em entrevista à Bandeirantes, Michel Temer jurou inocência de todas as acusações que lhe são feitas.Ele também disse que não voltará à vida pública, porque já foi tudo.Quase tudo. Só falta ser presidiário em tempo integral, caso venha a ser condenado. ",Brasil,O que falta a Temer,04/04/2019 23:12:24
Nao tem subtitle,Nao tem autor,https://www.oantagonista.com/brasil/moro-2022-2026/,"Sergio Moro, em menos de 24 horas, conseguiu 381 mil seguidores no Twitter.A meta imediata é aprovar o pacote anticrime. Mas a carreira dele vai longe.",Brasil,"Moro 2022, 2026…",05/04/2019 06:05:14
Nao tem subtitle,Nao tem autor,https://www.oantagonista.com/brasil/parlamentarismo-tchuchuca/,"“Nas últimas semanas”, diz Raquel Landim, “cresceram as articulações diretas dos grandes empresários junto aos principais líderes no Congresso, com destaque para Rodrigo Maia, para instituir um parlamentarismo informal.O objetivo é viabilizar a reforma da Previdência e, na sequência, a reforma tributária e isolar o presidente Jair Bolsonaro, deixando Paulo Guedes como uma espécie de primeiro-ministro”.",Brasil,Parlamentarismo tchuchuca,05/04/2019 08:19:19
Nao tem subtitle,Nao tem autor,https://www.oantagonista.com/brasil/bolsonaro-diz-que-13o-bolsa-familia-sera-pago-no-final-deste-ano/,"Jair Bolsonaro anunciou a implementação neste ano de uma das promessas de campanha: o 13º do Bolsa Família.“Está garantido no final do ano”, afirmou o presidente em sua live no Facebook.Será usado dinheiro recuperado de ações contra fraudes.",Brasil,Bolsonaro diz que 13º do Bolsa Família será pago no final deste ano,04/04/2019 21:26:26
Nao tem subtitle,Nao tem autor,https://www.oantagonista.com/brasil/vice-lider-critica-falta-de-apoio-governo-guedes/,"O vice-líder do governo na Câmara, Capitão Augusto, criticou o que chamou de falta de apoio da bancada governista a Paulo Guedes na sessão de ontem da CCJ, registra o UOL.Para o deputado do PR de São Paulo, a audiência –à qual Guedes compareceu para falar da reforma da Previdência– pareceu ser dominada pela oposição, e a “falta de deputados federais para defender o ministro preocupa demais”.Segundo Augusto, os deputados da CCJ não se empenharam por Guedes porque o governo não conseguiu criar boa relação com os parlamentares.“Estamos tomando literalmente chá de banco dos ministros. Reclamação generalizada.”",Brasil,Vice-líder critica falta de apoio do governo a Guedes,04/04/2019 20:45:10
Nao tem subtitle,Nao tem autor,https://www.oantagonista.com/brasil/flavio-bolsonaro-quer-criminalizar-arrastao/,"O senador Flávio Bolsonaro apresentou projeto para criminalizar o arrastão, com penas de 6 a 12 anos de prisão. Caso o crime resulte em morte, a pena pode ir de 20 a 30 anos de cadeia.Na justificativa da proposta, Bolsonaro esclarece o que é o arrastão:“É um crime comumente praticado em locais abetos ao público, como praias e shoppings centers, por um grupo de criminosos que, valendo-se do elemento surpresa, furtam ou roubam o público presente no local, por meio de ações múltiplas, coletivas, continuadas, rápidas e com emprego de violência ou ameaça intimidadora.”Ainda segundo o texto, o arrastão também costuma acontecer “no interior de ônibus, trens, metrô e outros meios de transporte coletivos e, ainda, em engarrafamentos, vias de acesso, marginais, rodovias”. Também ocorre em restaurantes, rádios etc.Em praticamente todos os lugares do país.   ",Brasil,Flávio Bolsonaro quer criminalizar arrastão,04/04/2019 20:23:04
Nao tem subtitle,Nao tem autor,https://www.oantagonista.com/mundo/de-cada-4-venezuelanos-1-precisa-de-ajuda-humanitaria-urgente/,"Um documento de 45 páginas vazado da ONU calcula que 7 milhões de venezuelanos –ou seja, uma de cada quatro pessoas no país– precisem de ajuda humanitária urgente.“É uma situação insuportável que só se compara com a de países e guerra”, disse a Duda Teixeira, de , o pesquisador César Muñoz, da Human Rights Watch.Leia a reportagem:",Mundo,"De cada 4 venezuelanos, 1 precisa de ajuda humanitária urgente",04/04/2019 21:00:58
Nao tem subtitle,Nao tem autor,https://www.oantagonista.com/brasil/doleiro-foragido-muda-o-rosto/,"Foragido desde maio passado, Dario Messer, o doleiro dos doleiros, “fez uma transformação total de sua face” e “está irreconhecível”, informa Lauro Jardim, n’O Globo.Segundo o colunista ouviu de um interlocutor, ele não precisou de cirurgia plástica.",Brasil,Doleiro foragido muda o rosto,04/04/2019 21:30:41
Nao tem subtitle,Nao tem autor,https://www.oantagonista.com/brasil/alexandre-de-moraes-bate-boca-com-pf-em-aeroporto/,"Alexandre de Moraes teve um entrevero com a PF antes de embarcar em seu voo na terça passada no aeroporto de Brasília, relata Bela Megale em O Globo.Segundo a repórter, o ministro do STF não permitiu que um funcionário passasse nele o aparelho detector de metais e seguiu para o avião. A recusa fez com que a PF fosse acionada.Um delegado e um agente foram até a aeronave onde Moraes já estava e explicaram que ele não poderia ser dispensado do procedimento.Irritado, o ministro acabou cedendo enquanto reclamava da PF em voz alta. ",Brasil,Alexandre de Moraes bate boca com PF em aeroporto,04/04/2019 20:30:31
Nao tem subtitle,Nao tem autor,https://www.oantagonista.com/brasil/moro-brinca-sobre-conta-no-twitter-se-der-errado-culpa-e-de-bolsonaro/,"Durante a live que fez com Jair Bolsonaro no Facebook agora há pouco, Sergio Moro falou sobre a criação de seu perfil pessoal no Twitter –que, neste momento (às 19h58), já está com 276 mil seguidores.O ministro da Justiça disse que a abertura da conta na rede social foi incentivada pelo presidente. E brincou: “Se der errado, a culpa é dele [Bolsonaro]”.",Brasil,"Moro brinca sobre conta no Twitter: se der errado, culpa é de Bolsonaro",04/04/2019 19:59:03
Nao tem subtitle,Nao tem autor,https://www.oantagonista.com/brasil/terapia-do-abraco/,"A Casa Civil divulgou fotos do encontro de hoje cedo entre Jair Bolsonaro e os caciques partidários (do toma lá, da cá).O presidente garante que não distribuiu cargos, só abraços.O diálogo será uma marca desse governo: hoje o dia foi de reuniões com presidentes de partidos, sob o comando do nosso capitão . — Casa Civil (@casacivilbr) ",Brasil,Terapia do abraço,04/04/2019 19:56:55
Nao tem subtitle,Nao tem autor,https://www.oantagonista.com/sociedade/justica-bloqueia-r-100-milhoes-da-braskem-por-afundamento-de-bairro-em-maceio/,"A Justiça de Alagoas determinou hoje o bloqueio de R$ 100 milhões da Braskem, indústria química do grupo Odebrecht, registra a Folha.O MP e a Defensoria Pública alagoanos haviam solicitado o bloqueio de R$ 6,7 bilhões, mas o juiz Pedro Simões de França limitou o valor a R$ 100 milhões.O objetivo do bloqueio é reparar eventuais danos a moradores do bairro do Pinheiro, em Maceió, onde o solo afundou e há rachaduras nas casas.O problema é  –a empresa nega a acusação.A Promotoria havia pedido também o bloqueio de todas as ações da Braskem negociadas em Bolsa, o que foi negado pelo juiz.",Sociedade,Justiça bloqueia R$ 100 milhões da Braskem por afundamento de bairro em Maceió,04/04/2019 19:37:30
Nao tem subtitle,Nao tem autor,https://www.oantagonista.com/brasil/bolsonaro-pediu-desculpas-por-caneladas-diz-onyx/,"Onyx Lorenzoni disse que Jair Bolsonaro se desculpou por eventuais “caneladas” em políticos em seus encontros com líderes partidários para discutir a reforma da Previdência.“O presidente, com sua humildade, se desculpou de uma canelada aqui, outra acolá”, afirmou o ministro-chefe da Casa Civil, conforme o relato do UOL.Segundo Onyx, todos os líderes de partidos concordaram que é “o momento de passar por cima de nossas diferenças”.",Brasil,"Bolsonaro pediu desculpas por ‘caneladas’, diz Onyx",04/04/2019 19:19:52
Nao tem subtitle,Nao tem autor,https://www.oantagonista.com/brasil/hollerbach-vai-para-casa/,"Ex-sócio de Marcos Valério e condenado com ele no mensalão, Ramon Hollerbach ganhou o direito à progressão de regime e vai passar a cumprir pena de 27 de prisão anos em casa.A decisão foi publicada hoje por Luís Roberto Barroso, do STF, que supervisiona a execução das penas do mensalão. O ministro verificou que o publicitário cumpriu os requisitos.Faltou apenas o pagamento da multa de R$ 5,4 milhões, mas como a defesa alegou que ele não teve rendimentos suficientes para quitar a dívida, a progressão foi concedida, com parecer favorável da PGR.",Brasil,Hollerbach vai para casa,04/04/2019 19:51:20
Nao tem subtitle,Nao tem autor,https://www.oantagonista.com/brasil/mesmas-de-antes/,"Confira a  da denúncia do MPF contra 13 ex-executivos de gestoras, bancos e corretoras, além de ex-dirigentes dos fundos Petros e Postalis – indicados pelo PT e pelo MDB.Trendbank e Planner são velhas conhecidas de escândalos políticos anteriores, como Banestado e Mensalão. A Greenfield também fisgou o Santander, citado na delação de Antonio Palocci.",Brasil,As mesmas de antes,04/04/2019 20:02:48
Nao tem subtitle,Nao tem autor,https://www.oantagonista.com/brasil/forca-tarefa-da-greenfield-denuncia-13-por-fraudes-com-recursos-de-petros-e-postalis/,"A força-tarefa da Greenfield acaba de denunciar 13 pessoas por fraudes milionárias praticadas no Fundo de Investimento em Direitos Creditórios Trendbank, que captou recursos dos fundos de pensão Petros e Postalis.As investigações revelaram a participação de outras pessoas ligadas às corretoras Finaxis, Planner e ao banco Santander, além do grupo empresarial Rock – do delator Adir Assad.A denúncia aponta crimes contra o sistema financeiro, gestão temerária, fraudulenta, desvio de recursos e a emissão de duplicatas simuladas.Os procuradores da Greenfield pedem, além das condenações dos envolvidos, o pagamento de mais de R$560 milhões como título de reparação econômica e moral às vítimas participantes dos fundos de pensão. O valor é equivalente ao triplo dos aportes realizados nas operações criminosas.Além dos executivos das gestoras, foram denunciados os ex-dirigentes dos fundos – figuras carimbadas indicadas pelo PT e MDB – e Assad, também investigado na Lava Jato.Confira a lista: Adilson Florêncio da Costa, Alexej Predtechensky, Ricardo Oliveira Azevedo, Wagner Pinheiro de Oliveira, Luiz Carlos Fernandes Afonso, Newton Carneiro da Cunha, Maurício França Rubem, Marcelo Andreetto Perillo, Adolpho Julio da Silva Mello Neto, Adir Assad, Edilberto Pereira, Carlos Arnaldo Borges de Souza e Marco Aurélio da Nóbrega.",Brasil,Força-tarefa da Greenfield denuncia 13 por fraudes com recursos de Petros e Postalis,04/04/2019 18:11:33
Nao tem subtitle,Nao tem autor,https://www.oantagonista.com/mundo/ex-estrategista-de-trump-volta-atacar-mourao/,"Steve Bannon, ex-estrategista de Donald Trump, disse à Folha que é inaceitável um vice-presidente como Hamilton Mourão manter postura antagônica à de Jair Bolsonaro.“O vice-presidente está tentando mostrar que está preparado se Bolsonaro falhar. E isso não é aceitável. Não é aceitável por ser alguém do governo”, declarou Bannon, que participou da visita de Bolsonaro a Washington no mês passado.“Se quiser fazer isso, Mourão deveria renunciar amanhã de manhã e ir para a oposição”, acrescentou o estrategista.",Mundo,Ex-estrategista de Trump volta a atacar Mourão,04/04/2019 18:40:02
Nao tem subtitle,Nao tem autor,https://www.oantagonista.com/mundo/ditadura-da-venezuela-prende-47-por-pedirem-luz-e-agua/,"Entre 29 de março e 1º de abril, 47 pessoas foram presas pela ditadura de Nicolás Maduro por protestar contra a falta de luz e de água.O dado é da ONG venezuelana Provea.Leia em :",Mundo,Ditadura da Venezuela prende 47 por pedirem luz e água,04/04/2019 19:00:55
Nao tem subtitle,Nao tem autor,https://www.oantagonista.com/brasil/bolsonaro-faz-live-com-sergio-moro/,"Jair Bolsonaro levou Sergio Moro para sua live das quintas-feiras no Facebook, que começou há alguns minutos.O presidente e o ministro da Justiça são acompanhados pelo general Augusto Heleno, “veterano” das lives.Bolsonaro começou dizendo que, nas suas reuniões de hoje com políticos sobre a reforma da Previdência, não tratou de cargos, “como disse a mídia ontem”, mas de projetos para o país e da importância da reforma.Também negou ter gravado os encontros com presidentes de partidos.",Brasil,Bolsonaro faz live com Sergio Moro,04/04/2019 19:08:03
Nao tem subtitle,Nao tem autor,https://www.oantagonista.com/mundo/confira-integra-telegrama-itamaraty-onu-em-defesa-movimento-de-1964/," obteve a íntegra do telegrama encaminhado pelo Itamaraty ao argentino Fabian Salvioli, relator independente para a promoção da Verdade, Justiça e Reparação da ONU.No texto, o governo repudia as alegações sem fundamento de Salvioli:",Mundo,Confira a íntegra do telegrama do Itamaraty à ONU em defesa do “movimento de 1964”,04/04/2019 19:11:55
Nao tem subtitle,Nao tem autor,https://www.oantagonista.com/brasil/acm-neto-diz-que-dem-pode-fechar-questao-por-reforma/,"ACM Neto saiu de sua reunião com Jair Bolsonaro hoje dizendo que o DEM, partido que preside, pode fechar questão em torno da reforma da Previdência.O prefeito de Salvador não descartou que sua sigla integre formalmente a base do governo no futuro.Leia reportagem em :",Brasil,ACM Neto diz que DEM pode fechar questão por reforma,04/04/2019 17:44:07
Nao tem subtitle,Nao tem autor,https://www.oantagonista.com/mundo/maduro-despacha-bunker/,"O ditador Nicolás Maduro não despacha do Palácio Miraflores, sede do Poder Executivo da Venezuela, há pelo menos duas semanas, relata Duda Teixeira em .Segundo o jornal espanhol ABC, Maduro está trabalhando em um bunker cujo endereço é desconhecido.Leia a reportagem:",Mundo,Maduro despacha do bunker,04/04/2019 18:00:10
Nao tem subtitle,Nao tem autor,https://www.oantagonista.com/brasil/medico-cubano-pede-socorro-senador/,"Um médico cubano enviou o que chamou de “pedido de socorro” ao senador Plínio Valério, do PSDB do Amazonas.Ricardo Carvajal Daudinot trabalhou no Mais Médicos no interior da Bahia e diz aguardar a recontratação prometida por Jair Bolsonaro desde o fim do programa, em novembro do ano passado. Hoje, o cubano vive na periferia de Brasília.O Ministério da Educação já anunciou que ainda não tem previsão para a realização de um novo Revalida — a validação do diploma foi uma condição imposta pelo presidente para a contratação de estrangeiros.Em vídeo, o cubano diz:“Está muito difícil viver de bicos, porque no Brasil é muito difícil arrumar emprego. Estamos pedindo que o governo nos dê uma oportunidade para podermos mostrar que podemos trabalhar pelo povo. Fizemos a inscrição no edital do governo Bolsonaro, mas disseram que todas as vagas tinham sido preenchidas por médicos brasileiros. A gente não tem besteira de trabalhar em lugar nenhum.”",Brasil,Médico cubano pede ‘socorro’ a senador,04/04/2019 17:54:14
Nao tem subtitle,Nao tem autor,https://www.oantagonista.com/economia/apos-reunioes-de-bolsonaro-com-politicos-bolsa-sobe-193-e-dolar-recua/,"A Bolsa de São Paulo fechou hoje em 96.313 pontos –alta de 1,93%–, enquanto o dólar perdeu força e recuou para R$ 3,8571.Para operadores ouvidos pelo Estadão, os encontros de Jair Bolsonaro com presidentes de partidos para tentar aprovar a reforma da Previdência reverteram o mal-estar de ontem com o embate entre Paulo Guedes e deputados da oposição.",Economia,"Após reuniões de Bolsonaro com políticos, Bolsa sobe 1,93% e dólar recua",04/04/2019 18:09:13
Nao tem subtitle,Nao tem autor,https://www.oantagonista.com/brasil/governo-vai-inaugurar-na-paraiba-centro-de-testes-de-tecnologias-de-dessalinizacao/,"Jair Bolsonaro anunciou nas redes que em breve será inaugurado o Centro de Testes de Tecnologias de Dessalinização, em Campina Grande (PB), projeto do ministro Marcos Pontes.O CTTD vai absorver o Laboratório de Referência em Dessalinização (Labdes), da Universidade Federal de Campina Grande (UFCG), lançado em 2003 pela então ministra Marina Silva.Coordenador do projeto, o engenheiro Kepler França disse a  que o novo centro vai aferir equipamentos de dessalinização nacionais e estrangeiros.“A ideia é exatamente testar equipamentos e tecnologias que visem a potabilidade de águas subterrâneas, normalmente impróprias para o consumo humano.”Segundo ele, o atual governo “despertou para um problema antigo que afeta o semi-árido”.“Esses testes vão gerar atestados para que as empresas possam participar de licitações, tanto em nível estadual como no federal. Também vamos testar equipamentos fabricados no exterior. EUA, Japão, Alemanha e Israel têm tecnologias semelhantes para purificação de águas salobras ou do oceano. Tudo isso dará margem para o intercâmbio de informações e melhoramento tecnológico.”",Brasil,Governo vai inaugurar na Paraíba centro de testes de tecnologias de dessalinização,04/04/2019 18:00:43
Nao tem subtitle,Nao tem autor,https://www.oantagonista.com/brasil/procuradoria-acusa-eike-e-cabral-de-improbidade/,"A Procuradoria Geral do Rio de Janeiro (PGE-RJ), que representa o estado na Justiça, denunciou hoje Sérgio Cabral e Eike Batista por improbidade administrativa, informa a GloboNews.A denúncia é baseada na Operação Eficiência, na qual o empresário é investigado por pagar de R$ 64 milhões ao ex-governador para obter contratos junto à administração estadual.Também foram acusados Carlos Miranda, que operava o esquema, e Flavio Godinho, ex-executivo da EBX. A PGE quer o ressarcimento de R$ 327 milhões para os cofres do estado.",Brasil,Procuradoria acusa Eike e Cabral de improbidade,04/04/2019 17:12:12
Nao tem subtitle,Nao tem autor,https://www.oantagonista.com/brasil/bonde-tigrao-e-contra-chamar-guedes-de-tchutchuca/,"O grupo Bonde do Tigrão, que popularizou o termo “tchutchuca”, divulgou em seu Facebook uma nota lamentando que ele tenha sido usado contra Paulo Guedes.Na nota, o vocalista do grupo, Leandrinho, diz ter ficado “surpreso com o ocorrido” e lamentar o fato de “o deputado em questão [Zeca Dirceu] ter desrespeitado o ministro Paulo Guedes, que além de ser uma autoridade é um senhor de idade e merece respeito”.",Brasil,Bonde do Tigrão é contra chamar Guedes de ‘tchutchuca’,04/04/2019 17:28:40
Nao tem subtitle,Nao tem autor,https://www.oantagonista.com/brasil/pelo-jeito-bolsonaro-ouviu-mais-uma-vez-os-militares/,"Romero Jucá saiu do Palácio do Planalto dizendo também que Jair Bolsonaro não falou em velha e nova política, mas em “boa política”.Se é isso mesmo, o presidente ouviu mais uma vez o conselho dos militares.",Brasil,"Pelo jeito, Bolsonaro ouviu (mais uma vez) os militares",04/04/2019 17:42:47
Nao tem subtitle,Nao tem autor,https://www.oantagonista.com/brasil/tchutchuco-e-tchutchuca/,"Gleisi Hoffmann encontrou Zeca Dirceu no cafezinho da Câmara. “Bom dia, tchutchuco!”, disse ela.Pelo visto, tigrão não é.",Brasil,Tchutchuco e tchutchuca,04/04/2019 17:14:37
Nao tem subtitle,Nao tem autor,https://www.oantagonista.com/brasil/moro-posta-foto-para-provar-que-seu-twitter-e-seu/,"Sergio Moro, que está com 193 mil seguidores no Twitter no momento em que este post é redigido, acaba de postar uma foto para provar que a conta é dele mesmo.O ministro da Justiça aparece segurando um calendário da Caixa aberto no mês de abril.Pelo visto, o selinho azul de arroba verificada não bastava para convencer todos os seguidores.",Brasil,Moro posta foto para provar que seu Twitter é seu,04/04/2019 16:58:23
Nao tem subtitle,Nao tem autor,https://www.oantagonista.com/brasil/fhc-governo-bolsonaro-e-pior-que-eu-imaginava/,"Em entevista à BBC Brasil, Fernando Henrique Cardoso afirmou que a gestão de Jair Bolsonaro é pior do que ele esperava e, quase cem dias depois da posse, ainda não se viu “nada” do novo governo.“Por que ele foi eleito? Ele falou temas que sensibilizaram: violência e corrupção, basicamente. Temas que pegaram a onda. Mas ele não disse ‘eu vou fazer um Brasil de tal a qual modo’. Tanto que agora ele não sabe o que vai fazer. Vai mudar o quê?”, perguntou o tucano.O ex-presidente fez um autoelogio e disse que, na época da implantação do real, ele “não tinha medo de bicho papão. Fui falar do Plano Real até no programa do Silvio Santos”.“Na reforma da Previdência, o presidente tem que se meter. Ou algum ministro que seja quase presidente”, acrescentou FHC.",Brasil,FHC: governo Bolsonaro é pior do que eu imaginava,04/04/2019 18:21:03
Nao tem subtitle,Nao tem autor,https://www.oantagonista.com/brasil/juca-diz-que-nao-interessa-ao-mdb-ser-base-de-bolsonaro/,"Romero Jucá, presidente do MDB, deixou o encontro com Jair Bolsonaro, no Palácio do Planalto, dizendo que a conversa foi positiva.O ex-senador afirmou que o partido propôs uma agenda de temas a favor do Brasil e “não nos interessa ser base, mas, sim, aprovar matérias importantes para o País”.“O MDB não quer cargos, não quer fazer parte do governo”, acrescentou.Segundo o Jucá, a sigla é favorável à reforma da Previdência, mas ele ponderou que questões específicas, como BPC e capitalização, serão discutidas.",Brasil,Jucá diz que não interessa ao MDB ser base de Bolsonaro,04/04/2019 17:41:22
Nao tem subtitle,Nao tem autor,https://www.oantagonista.com/brasil/atuacao-dem-incomoda-dirigentes-partidarios/,"Dirigentes de outros partidos começam a se incomodar com a atuação do DEM, que ocupa três ministérios no governo de Jair Bolsonaro, relata Caio Junqueira em .O objetivo do partido de Rodrigo Maia é atrair prefeitos para, na eleição de 2020, superar o MDB em número de prefeituras pelo país.Leia a reportagem:",Brasil,Atuação do DEM incomoda dirigentes partidários,04/04/2019 16:45:20
Nao tem subtitle,Renan Ramalho,https://www.oantagonista.com/brasil/justificativa-da-oab/,"O novo presidente da OAB, Felipe Santa Cruz, quer usar o tempo que ganhou com o adiamento da decisão do STF sobre a prisão em segunda instância para “revalidar” a posição da entidade.A ideia é submeter a questão novamente ao Conselho Federal, que reúne representantes das seccionais da Ordem em cada estado, e que acabaram de assumir seus mandatos junto com Santa Cruz.A ação contrária à prisão em segunda instância foi apresentada por seu antecessor, Claudio Lamachia, em 2016. Provavelmente, a OAB não vai mudar de posição, mas sim renovar os argumentos para respaldar a posição da nova cúpula.O movimento também é tático, porque a entidade sabe que uma decisão favorável do STF a seu pedido seria duramente criticada na sociedade, pois soltaria Lula e outros condenados.",Brasil,A justificativa da OAB,04/04/2019 16:27:26
Nao tem subtitle,Nao tem autor,https://www.oantagonista.com/brasil/laudo-da-pf-confirma-gambiarra-no-museu-nacional/,"A Polícia Federal apresentou hoje laudo pericial que confirma uma gambiarra elétrica como origem do incêndio que destruiu o Museu Nacional no ano passado.Segundo o perito criminal Marco Antônio Zatta, três aparelhos de ar-condicionado estavam ligados a um mesmo disjuntor.“Em vez de ligar direto num quadro principal, foi feita uma ligação em paralelo. Deveria ter um disjuntor para cada ar. Era um mesmo para os três”, disse. Também não havia aterramento elétrico.E quem será responsabilizado?",Brasil,Laudo da PF confirma gambiarra no Museu Nacional,04/04/2019 17:08:33
Nao tem subtitle,Nao tem autor,https://www.oantagonista.com/brasil/ministro-tse-sera-julgado-na-1a-instancia/,"Celso de Mello mandou à primeira instância de Brasília denúncia contra o ministro do TSE Admar Gonzaga, por suposta agressão à ex-mulher.Foi aplicada o entendimento de que, como o caso não tem relação com o cargo, não há direito ao foro privilegiado no STF.",Brasil,Ministro do TSE será julgado na 1ª instância,04/04/2019 16:36:20
Nao tem subtitle,Nao tem autor,https://www.oantagonista.com/brasil/marco-aurelio-ironiza-adiamento/,"Relator das ações que buscam derrubar a prisão em segunda instância, Marco Aurélio Mello ironizou a decisão de Dias Toffoli de adiar, para data indefinida, o dia do julgamento.“É um caso realmente novo, que não estava colocado, né? Talvez por isso deva-se esperar”, disse, segundo registro do Jota.Contrário à execução antecipada da pena, o ministro pressiona pelo julgamento desde 2017.",Brasil,Marco Aurélio ironiza adiamento,04/04/2019 16:07:41
Nao tem subtitle,Diego Amorim,https://www.oantagonista.com/brasil/o-mec-e-maior-que-o-debate-ideologico/,"Marcos Rogério, senador pelo DEM de Rondônia, que fez campanha para Jair Bolsonaro em seu estado, sugere que o presidente tenha “atenção” com a situação no Ministério da Educação.O parlamentar disse a  que é preciso cuidar da gestão da pasta.“Não podemos repetir os erros do passado. Não podemos ver no nosso governo aquilo que já condenamos. O MEC é maior do que o debate ideológico. O ‘mais Brasil e menos Brasília’ também tem que valer para o MEC.”Ex-deputado, Rogério presidiu a comissão na Câmara que analisou o projeto Escola Sem Partido.",Brasil,“O MEC é maior do que o debate ideológico”,04/04/2019 16:55:37
Nao tem subtitle,Nao tem autor,https://www.oantagonista.com/brasil/depois-de-13-anos-camara-demite-assessor-acusado-na-operacao-sanguessuga/,"Quase 13 anos depois de a PF deflagrar a Operação Sanguessuga, Rodrigo Maia ordenou a demissão de um dos assessores parlamentares envolvidos no caso.Em 2006, Francisco Machado Filho, o assessor, admitiu que fornecia sua senha para operacionalizar o esquema de fraude em licitações para compra de ambulâncias.Leia a reportagem de Igor Gadelha em :",Brasil,"Depois de 13 anos, Câmara demite assessor acusado na Operação Sanguessuga",04/04/2019 16:55:05
Nao tem subtitle,Nao tem autor,https://www.oantagonista.com/brasil/lula-quer-hc-julgado-no-stf-o-mais-breve-possivel/,"A defesa de Lula pediu a Edson Fachin que leve a julgamento na Segunda Turma, “o mais breve possível”, um habeas corpus que pede a anulação da condenação no caso do triplex.O caso foi pautado para análise entre os dias 12 e 23 de abril no plenário virtual, no qual os ministros votam à distância pelo computador.Como há possibilidade de STJ manter a condenação na semana que vem, os advogados querem que o STF se antecipe e decida sobre o habeas corpus numa sessão presencial da Segunda Turma, que se reúne às terças.",Brasil,Lula quer que STF julgue HC ‘o mais breve possível’,04/04/2019 16:50:35
Nao tem subtitle,Nao tem autor,https://www.oantagonista.com/brasil/temer-e-filha-viram-reus-por-lavagem/,Michel Temer e a filha Maristela viraram réus por lavagem de dinheiro. Eles são acusados de usar parte da propina de Angra 3 na reforma de um imóvel.Também serão processados o coronel João Batista Lima Filho e a mulher Maria Rita Fratezi.,Brasil,TEMER E FILHA VIRAM RÉUS POR LAVAGEM,04/04/2019 16:18:59
Nao tem subtitle,Nao tem autor,https://www.oantagonista.com/brasil/tj-pr-solta-beto-richa/,"A 2ª Câmara Criminal do TJ do Paraná acaba de conceder habeas corpus ao tucano Beto Richa, informa o G1 Paraná.Por dois votos a um, os desembargadores acataram o pedido de liberdade feito pela defesa do ex-governador.",Brasil,TJ-PR solta Beto Richa,04/04/2019 16:24:44
Nao tem subtitle,Nao tem autor,https://www.oantagonista.com/economia/aliados-de-temer-no-sebrae-devem-ser-destituidos/,"Eleita em novembro por indicação de Michel Temer, a atual direção do Sebrae deve ser destituída em abril, informa Igor Gadelha em .Marília Garcez, que hoje trabalha em uma das secretarias de Paulo Guedes, é a mais cotada para presidente no lugar de João Henrique Souza.Leia a reportagem:",Economia,Aliados de Temer no Sebrae devem ser destituídos,04/04/2019 16:16:32
Nao tem subtitle,Nao tem autor,https://www.oantagonista.com/brasil/video-quebra-pau-na-camara-municipal-de-macapa/,"O jornalista amapaense Ney Pantaleão publicou em seu Twitter um pequeno vídeo da eleição para presidente da Câmara Municipal de Macapá.A sessão foi interrompida pelo que os comentaristas de futebol costumam chamar de “cenas lamentáveis” –troca de socos entre os vereadores.E vocês achando que baixaria foi a altercação entre Zeca Dirceu e Paulo Guedes na CCJ da Câmara ontem.(Clique na imagem abaixo para assistir.)Eleição para a presidência da Câmara Municipal de Macapá é interrompida por troca de socos entre vereadores. A briga, literal, pelo poder. — Ney Pantaleão (@NeyPantaleaoTV) ",Brasil,Vídeo: quebra-pau na Câmara Municipal de Macapá,04/04/2019 15:28:01
Nao tem subtitle,Nao tem autor,https://www.oantagonista.com/brasil/a-linguagem-comunista-de-velez/,"Ricardo Vélez quer que o regime militar instalado em 1964 seja chamado nos livros didáticos de “regime democrático de força”.Isso é linguagem de comunista, para esconder a realidade, assim como o “centralismo democrático” dos antigos PCs. ",Brasil,A linguagem comunista de Vélez,04/04/2019 15:33:31
Nao tem subtitle,Nao tem autor,https://www.oantagonista.com/brasil/tudo-ocorreu-em-alto-nivel-diz-bolsonaro-sobre-dialogo-com-partidos/,"Jair Bolsonaro foi ao Twitter dizer que “nada se falou sobre cargos” nas conversas com presidentes e líderes de partidos. “Tudo ocorreu em alto nível.”“Executivo e Legislativo unidos, por uma causa que representa o futuro de nossos filhos e netos: a Nova Previdência.”Pela manhã me reuni com vários presidentes e líderes de partidos. Tudo ocorreu em alto nível. Ao contrário do que propalado por alguns, nada se falou sobre cargos. Executivo e Legislativo unidos, por uma causa que representa o futuro de nossos filhos e netos: a Nova Previdência.— Jair M. Bolsonaro (@jairbolsonaro) ",Brasil,"“Tudo ocorreu em alto nível”, diz Bolsonaro sobre diálogo com partidos",04/04/2019 16:07:14
Nao tem subtitle,Nao tem autor,https://www.oantagonista.com/brasil/ventriculo-esquerdo-ou-direito-carlos/,"Carlos Bolsonaro acaba de ir ao Twitter dizer que o “sistema corrupto” insiste em desgastar seu pai e transformá-lo em mais um “boneco de ventrículo”. supõe que o filho de Jair Bolsonaro tenha querido dizer “boneco de ventríloquo” antes de apagar o tuíte.Mas, por via das dúvidas, pergunta: era o ventrículo esquerdo ou o direito, Carluxo?",Brasil,"Ventrículo esquerdo ou direito, Carlos?",04/04/2019 15:38:27
Nao tem subtitle,Nao tem autor,https://www.oantagonista.com/brasil/frota-busca-apoio-para-derrubar-lider-governo-na-camara/,"Alexandre Frota procurou lideranças e enviou mensagens a parlamentares do Centrão nos últimos dias pedindo apoio para derrubar o líder do governo na Câmara, Major Vitor Hugo, relata a Folha.Segundo o deputado, “a Câmara não aceitou” Vitor Hugo –considerado nome de confiança de Jair Bolsonaro– como líder do governo.“Ele é um líder faixa-branca. Tem de ser faixa-preta”, disse Frota ao jornal paulistano. “Não pode andar aqui dentro com todos os líderes virando as costas para ele.”",Brasil,Frota busca apoio para derrubar líder do governo na Câmara,04/04/2019 16:08:33
Nao tem subtitle,Diego Amorim,https://www.oantagonista.com/brasil/paulo-guedes-nao-foi-feito-para-politica-diz-deputado-psl/,"O Antagonista conversou com o deputado Coronel Tadeu, do PSL, um dos únicos aliados de Jair Bolsonaro a conseguir perguntar para Paulo Guedes na sessão da CCJ ontem.“O saldo poderia ser muito melhor. Paulo Guedes não foi feito para a política. Ele é técnico, profissional e rápido: tudo o que a política não aceita.”O parlamentar, em seu primeiro mandato, disse que nada justifica a forma desrespeitosa como o ministro foi tratado, mas recomendou que Guedes “aprenda a apanhar”.“Ele não tem sangue de barata. E o cargo de ministro exige tenacidade. Se for se deixar abater por toda porrada que tomar, na política ele não vai ficar. Tem que aprender a apanhar.”",Brasil,"“Paulo Guedes não foi feito para a política”, diz deputado do PSL",04/04/2019 16:01:32
Nao tem subtitle,Nao tem autor,https://www.oantagonista.com/mundo/publicacao-contra-o-hamas-e-pagina-virada-diz-flavio-bolsonaro/,"De volta de Israel, onde fez parte da comitiva do pai, Flávio Bolsonaro disse que sua publicação no Twitter contra o grupo terrorista Hamas –depois apagada– é “página virada”.“Vamos ao que importa ao Brasil. (…) A gente volta cheio de pauta favorável, um monte de acordos. O ministro [Ernesto Araújo] acaba de falar que vai abrir uma agenda agora, talvez no primeiro semestre ainda, para fazer uma rodada junto ao mundo árabe e trazer investimentos”, declarou o senador, segundo a Folha.Questionado pelos jornalistas sobre os motivos que o levaram a apagar o tuíte, Flávio respondeu:“Página virada. Não vão arrancar nada da minha boca. Vamos tratar de pauta positiva, muitos investimentos, vamos parar de ficar jogando casca de banana. O Brasil vai ser grande, vocês querendo ou não.”",Mundo,"Publicação contra o Hamas é página virada, diz Flávio Bolsonaro",04/04/2019 14:39:53
Nao tem subtitle,Nao tem autor,https://www.oantagonista.com/brasil/petistas-celebram-adiamento-de-toffoli/,"Grande parte do PT comemorou a decisão de Dias Toffoli de tirar da pauta do STF o julgamento da ação sobre prisão em segunda instância, informa Caio Junqueira em .Os petistas acham que, com isso, ganharão tempo na construção de uma maioria que decida favoravelmente a Lula –hoje,, provavelmente a regra atual seria mantida.Leia a reportagem:",Brasil,Petistas celebram adiamento de Toffoli,04/04/2019 14:52:01
Nao tem subtitle,Diego Amorim,https://www.oantagonista.com/brasil/o-governo-esta-funcionando-onde-tem-milico/,"Um senador que circula bem a Esplanada em razão da frente parlamentar que preside disse a O Antagonista que “o governo só está funcionando onde tem milico”.“É impressionante. São esses generais que têm dado o freio que o Bolsonaro precisa. Estão trabalhando silenciosamente, limpando a área aos poucos.”",Brasil,“O governo só está funcionando onde tem milico”,04/04/2019 15:04:34
Nao tem subtitle,Nao tem autor,https://www.oantagonista.com/brasil/governo-diz-onu-que-nao-houve-golpe-em-1964/,"O governo enviou telegrama à ONU negando que houve golpe de Estado no dia 31 de março de 1964 e que a tomada do poder pelos militares contou com o apoio da “maioria da população”, informa a BBC Brasil.O documento diz que o regime militar foi necessário “para afastar a crescente ameaça de uma tomada comunista do Brasil e garantir a preservação das instituições nacionais, no contexto da Guerra Fria”.“Os anos 1960-70 foram um período de intensa mobilização de organizações terroristas de esquerda no Brasil e em toda a América Latina”.",Brasil,Governo diz à ONU que não houve golpe em 1964,04/04/2019 15:18:09
Nao tem subtitle,Nao tem autor,https://www.oantagonista.com/brasil/bolsonaro-elogia-acao-da-rota-que-matou-11-em-sp/,"No Twitter, Jair Bolsonaro parabenizou a Rota pela ação que deixou mortos pelo menos 11 acusados de assaltar dois bancos em Guararema, na Grande São Paulo.O presidente elogiou a “rápida e eficiente ação contra 25 bandidos fortemente armados e equipados” que, além da tentativa de assalto, fizeram uma família refém.“11 bandidos foram mortos e nenhum inocente saiu ferido. Bom trabalho!”, concluiu Bolsonaro.Segundo a PM, houve troca de tiros com a polícia. Dos pelo menos 25 criminosos armados que estavam envolvidos, um foi preso, e outros 11 morreram.João Doria, que também elogiou a ação, prometeu condecorar os policiais.",Brasil,Bolsonaro elogia ação da Rota que matou 11 em SP,04/04/2019 14:32:33
Nao tem subtitle,Nao tem autor,https://www.oantagonista.com/sociedade/moro-apresenta-bolsonaro-plano-contra-crimes-violentos/,"Sergio Moro apresentou hoje a Jair Bolsonaro um projeto para reduzir crimes violentos, informa o UOL.A proposta prevê a ação integrada de forças da União, estados e municípios para reduzir as taxas de homicídio e deve ser implementada a partir do segundo semestre deste ano em cinco cidades de médio porte.“A base do plano”, escreve o repórter Leandro Prazeres, “é aumentar a repressão policial de um lado e, de outro, ampliar a presença de programas sociais do governo federal”.Por enquanto, ainda não foram anunciadas as cidades-piloto do projeto nem há definição de  metas para a redução das taxas de homicídio.",Sociedade,Moro apresenta a Bolsonaro plano contra crimes violentos,04/04/2019 16:02:50
Nao tem subtitle,Renan Ramalho,https://www.oantagonista.com/brasil/relator-no-senado-quer-votar-em-abril-criminalizacao-caixa-2/,"Um dos relatores do pacote anticrime no Senado, Márcio Bittar (MDB-AC) considera que dá para votar ainda em abril pelo menos uma das propostas, que define melhor o crime de caixa 2.É ideia é pautar o projeto na sessão de 17 de abril da Comissão de Constituição e Justiça em caráter terminativo. Deste modo, em caso de aprovação, a proposta deixaria de passar pelo plenário do Senado e iria diretamente para a Câmara.A decisão sobre a inclusão do assunto na pauta da CCJ cabe a Simone Tebet (MDB-MS), presidente do colegiado.",Brasil,Relator no Senado quer votar neste mês criminalização do caixa 2,04/04/2019 14:39:24
Nao tem subtitle,Nao tem autor,https://www.oantagonista.com/brasil/os-5-votos-contra-pec-orcamento/,"Como registramos, a PEC do Orçamento impositivo foi aprovada ontem à noite no Senado, em dois turnos.O placar final foi de 59 a 5.Votaram contra Reguffe, Alvaro Dias, Lasier Martins, Oriovisto Guimarães e Flávio Arns.",Brasil,Os 5 votos contra a PEC do Orçamento,04/04/2019 14:14:25
Nao tem subtitle,Nao tem autor,https://www.oantagonista.com/brasil/agu-contra-fundo-da-lava-jato/,"A Advocacia Geral da União recomendou ao STF a anulação do fundo idealizado pela Lava Jato, que teria ao menos R$ 1,25 bilhão pagos pela Petrobras para projetos anticorrupção.“O Ministério Público Federal no Paraná se elegeu, de maneira discricionária, como a autoridade brasileira habilitada a receber e dar destinação os recursos que a Petrobras deveria pagar ao Estado brasileiro, sem nenhum amparo para tal, seja no acordo celebrado, seja em normas do ordenamento jurídico brasileiro”, diz parecer assinado por André Mendonça.",Brasil,AGU contra fundo da Lava Jato,04/04/2019 13:58:26
Nao tem subtitle,Nao tem autor,https://www.oantagonista.com/internet/dedo-de-ouro/,"O perfil de Jair Bolsonaro no Twitter endossou narrativa de que os liberais estão em êxtase com o “momento de jacobinismo” de Paulo Guedes, embora critiquem quando “um conservador sobe o tom”.Na verdade, Carlos, o liberal Guedes reagiu com a verdade contra um inimigo concreto: o PT e seus satélites. Não fez birra nem ofendeu sua base de apoio, embora tenha sido abandonado até pelo PSL. ",Internet,Dedo de ouro,04/04/2019 13:46:35
Nao tem subtitle,Nao tem autor,https://www.oantagonista.com/brasil/operacao-em-goias-investiga-loverboy-e-elvis-presley/,"A Operação Decantação, que investiga desvios na Companhia Saneamento de Goiás (Saneago), tem como um dos alvos o empresário Eduardo Henrique de Deus, conhecido como “Loverboy”.Segundo o Ministério Público Federal, ele mantinha numa de suas empresas 21 carimbos de 14 outras empresas, indício de que eram usadas como fantasmas para fraudar licitações.Outro investigado é o pregoeiro Elvis Presley Mendanha, da Comissão de Licitações da Saneago, suspeito de favorecer construtora numa licitação para construção de um parque ecológico.Loverboy está foragido. Ele teve prisão temporária decretada hoje na terceira fase da Decantação, que também investiga envolvimento do ex-governador José Eliton (PSDB) nos desvios da Saneago. ",Brasil,Operação em Goiás investiga Loverboy e Elvis Presley,04/04/2019 14:25:16
Nao tem subtitle,Nao tem autor,https://www.oantagonista.com/mundo/bolsonaro-visitara-arabes/,"Ernesto Araújo disse que está elaborando um roteiro de visitas de Jair Bolsonaro a países árabes, ainda no primeiro semestre.“Estamos definindo um programa. Países que sejam nossos principais parceiros, para começar. Depois, iremos a outros.” Ele citou Arábia Saudita e Emirados Árabes.",Mundo,Bolsonaro visitará árabes,04/04/2019 14:12:13
Nao tem subtitle,Nao tem autor,https://www.oantagonista.com/internet/sergio-moro-oficial/,"Em menos de quatro horas, o perfil oficial de Sergio Moro no Twitter já ultrapassou a marca dos 122 mil seguidores.",Internet,Sergio Moro Oficial,04/04/2019 13:52:27
Nao tem subtitle,Nao tem autor,https://www.oantagonista.com/brasil/e-o-unico-lugar-que-nao-foi-investigado-ainda/,"Eduardo Girão, do Podemos do Ceará, ocupou a tribuna do Senado há pouco para voltar a defender que as cortes superiores sejam investigadas.“Não defendo o fechamento do Supremo. Pelo contrário. Defendo o fortalecimento do Supremo. Mas o STF é o único lugar que não foi investigado ainda.”Davi Alcolumbre deu um jeito de enterrar a CPI da Lava Toga, ao determinar que a CCJ analise o requerimento.",Brasil,“É o único lugar que não foi investigado ainda”,04/04/2019 15:18:03
Nao tem subtitle,Nao tem autor,https://www.oantagonista.com/brasil/procuradores-fazem-eleicao-interna-em-junho/,"A Associação Nacional dos Procuradores da República marcou para 18 de junho a eleição interna que formará a lista tríplice de indicados a procurador-geral da República.Raquel Dodge termina o mandato em setembro e pode tentar a recondução.Segundo a Folha, haverá seis debates entre os candidatos — até o momento, já se apresentaram como concorrentes Vladimir Aras, Nicolao Dino, Mário Bonsaglia, Lauro Pinto Cardoso e Blal Dalloul.Jair Bolsonaro não é obrigado a escolher um dos três mais votados, como se tornou tradição desde o governo Lula.A associação defende o método porque garante ao nome que for escolhido a partir da lista maior respaldo interno entre os pares.",Brasil,Procuradores fazem eleição interna em junho,04/04/2019 13:29:04
Nao tem subtitle,Nao tem autor,https://www.oantagonista.com/brasil/verdadeira-razao-de-dias-toffoli/,"Dias Toffoli adiou o julgamento sobre a prisão de condenados em segunda instância, por medo da repercusssão que uma eventual libertação de Lula poderia ter, dizem jornais.Na verdade, adiou porque o STF provavelmente decidiria pela manutenção da regra atual. ",Brasil,A verdadeira razão de Dias Toffoli,04/04/2019 13:38:16
Nao tem subtitle,Nao tem autor,https://www.oantagonista.com/brasil/serenidade-de-guedes/,"Em um evento da construção civil, em São Paulo, Rogério Marinho disse hoje que o ministro Paulo Guedes “deu resposta altiva a quem o ofendeu” durante a sessão de ontem na CCJ da Câmara.“Guedes teve mais serenidade na CCJ do que eu achava que ele teria.”",Brasil,A serenidade de Guedes,04/04/2019 12:47:50
Nao tem subtitle,Nao tem autor,https://www.oantagonista.com/internet/o-ira-nao-quer-reforma-da-previdencia-de-guedes/,Levantamento do desempenho da tag #TchutchucaDosBanqueiros no Twitter indica forte impulsionamento por IPs localizados no Irã.Devem ser amigos virtuais de Zeca ‘Hassan’ Dirceu.,Internet,O Irã não quer a reforma da Previdência de Guedes,04/04/2019 12:50:23
Nao tem subtitle,Nao tem autor,https://www.oantagonista.com/brasil/com-que-moral-zeca-dirceu-fala-em-nome-dos-brasileiros/,"Em um evento há pouco em São Paulo, João Doria perguntou “com que moral Zeca Dirceu fala em nome dos brasileiros?”.É uma boa pergunta.",Brasil,“Com que moral Zeca Dirceu fala em nome dos brasileiros?”,04/04/2019 12:56:04
Nao tem subtitle,Nao tem autor,https://www.oantagonista.com/brasil/chefe-de-gabinete-de-velez-tambem-saiu/,"O Diário Oficial de hoje também traz a demissão da chefe de gabinete do Ministério da Educação, Josie de Jesus.No lugar dela, entra Marcos de Araújo, ex-subcomandante geral da PM do Distrito Federal e professor da Academia dos Bombeiros.",Brasil,Chefe de gabinete de Vélez também saiu,04/04/2019 12:58:39
Nao tem subtitle,Nao tem autor,https://www.oantagonista.com/brasil/menos-e-mais-2/,"Gente na cúpula do Exército tenta convencer o vice-presidente, Hamilton Mourão, a evitar os comentários quase diários sobre atos ou palavras do presidente, Jair Bolsonaro.Há o entendimento de que parte da imprensa estimula Mourão a fazer declarações polêmicas que só alimentam o clima de desconfiança no Palácio do Planalto.",Brasil,Menos é mais,04/04/2019 13:32:22
Nao tem subtitle,Nao tem autor,https://www.oantagonista.com/brasil/quem-quer/,"soube que Bruno Garschagen recebeu uma oferta de trabalho bem mais interessante, por isso deixou o MEC. Atualmente, qualquer coisa é mais interessante.",Brasil,Quem quer?,04/04/2019 12:35:46
Nao tem subtitle,Nao tem autor,https://www.oantagonista.com/brasil/presidente-stj-jamais-deve-o-julgador-decidir-pautado-pelo-clamor-popular/,"Em sessão em comemoração aos 30 anos do STJ, o presidente da Corte, João Otávio de Noronha, disse o seguinte há pouco:“A voz da Justiça, sob nenhuma condição, deve submeter-se às expectativas de uma opinião pública assentada no sentimento de um país midiático, ou seja, jamais deve o julgador decidir pautado pelo clamor popular, mas pelas regras jurídicas, sem desconsiderar os reflexos de suas decisões sobre a sociedade.”De acordo com o ministro, “o grau de governabilidade desta nação vai depender da eficiência com que os três poderes instituídos, independentes e harmônicos entre si, exerçam suas funções originárias com plenitude e nos limites das respectivas competências”.Você pode ler a íntegra do discurso clicando .",Brasil,Presidente do STJ: “Jamais deve o julgador decidir pautado pelo clamor popular”,04/04/2019 13:03:29
Nao tem subtitle,Nao tem autor,https://www.oantagonista.com/brasil/pitbull-de-guedes/,"Daniella Cosentino, assessora especial de Paulo Guedes, salvou o ministro de uma armadilha ontem.Como registramos mais cedo, Maria do Rosário chegou a acionar a Polícia Legislativa contra a assessora.A deputada ficou irritada quando Daniella pediu para Felipe Francischini encerrar a sessão, diante do barraco armado pela bancada do barulho.Além do ataque verbal contra o ministro, a assessora notou que Maria do Rosário buscava algum tipo de contato físico com Guedes e imaginou o pior, se colocando entre os dois.",Brasil,A pitbull de Guedes,04/04/2019 13:10:08
Nao tem subtitle,Nao tem autor,https://www.oantagonista.com/brasil/esquerda-se-apropria-de-narrativas-e-coloca-como-verdade-absoluta/,"Ainda no evento da construção civil, em São Paulo, o secretário especial da Previdência, Rogério Marinho, aproveitou para desmascarar a falaciosa narrativa da esquerda sobre a reforma.“A esquerda se apropria de narrativas e as coloca como verdade absoluta. Esquecem que a falta de perspectiva econômica afeta mais os mais pobres e os mais jovens.”E mais:“As pessoas querem investir no nosso país, estamos em momento de rara oportunidade. Os investimentos aguardam que o Brasil mostre que é capaz de honrar compromissos que fez com mercado externo.”",Brasil,“A esquerda se apropria de narrativas e as coloca como verdade absoluta”,04/04/2019 12:50:12
Nao tem subtitle,Nao tem autor,https://www.oantagonista.com/brasil/moro-o-que-vimos-no-passado-foi-uma-quase-total-omissao/,"Sergio Moro, ao participar da abertura da reunião do Grupo Nacional de Combate às Organizações Criminosas, na Procuradoria de Justiça Militar, criticou há pouco a postura de governos anteriores no combate à corrupção.“O que vimos no passado, especialmente em relação ao problema da grande corrupção, foi uma quase total omissão por parte do governo federal em apresentar propostas direcionadas a melhorar o quadro normativo em relação ao enfrentamento à corrupção.”Ao defender seu pacote anticrime, o ministro da Justiça comentou também:“Temos outras ideias para o enfrentamento à corrupção, criminalidade organizada e crimes violentos, mas nosso propósito inicial foi apresentar um projeto relativamente simples. Se fossemos colocar tudo o que nós teríamos, o projeto ficaria muito longo e levaria a maiores dificuldades para enfrentar o problema.”",Brasil,Moro: “O que vimos no passado foi uma quase total omissão”,04/04/2019 12:31:02
Nao tem subtitle,Nao tem autor,https://www.oantagonista.com/brasil/barroso-e-fachin-criticam-colegas-que-desrespeitam-decisao-sobre-2a-instancia/,"Na sessão da manhã de hoje no TSE, os ministros Luís Roberto Barroso e Edson Fachin, também do STF, criticaram decisões individuais de colegas que soltam condenados na segunda instância.“Nas democracias maduras, uma vez fixada uma tese jurídica pela Suprema Corte, os demais magistrados seguem a orientação colegiadamente fixada. Então, o fato de que alguém deixe de seguir a orientação do Supremo está longe de obrigar os outros magistrados do país a errarem por isonomia”, disse Barroso.“Eu creio que se demonstra respeito a um tribunal constitucional respeitando as decisões colegiadas majoritárias. Isso não pode operar como um limpador de para-brisa, ora está aqui, ora está acolá. É fundamental que se tenha uma diretriz e um mínimo de previsibilidade”, acrescentou Fachin.Os comentários foram feitos durante julgamento, interrompido por um pedido de vista de Og Fernandes, em que uma ré condenada em segunda instância em processo eleitoral pede para recorrer em liberdade.",Brasil,Barroso e Fachin criticam colegas que desrespeitam decisão sobre 2ª instância,04/04/2019 12:35:28
Nao tem subtitle,Nao tem autor,https://www.oantagonista.com/brasil/e-assim-que-eles-vao-agir-diz-doria-sobre-esquerda-no-debate-da-reforma-da-previdencia/,"Em um evento do Banco Daycoval, o governador de São Paulo, João Doria, disse hoje que depois de ver a esquerda agindo na CCJ da Câmara, dobará sua aposta na reforma da Previdência.“Os partidos de esquerda vão intimidar aqueles que defendem reforma. Tentaram emparedar o ministro, de maneira grosseira, estúpida. É assim que eles vão agir. Se nós, da sociedade civil, ficarmos calados, eles vencem no grito.”O tucano acrescentou:“Tentaram inibir e encurralar o ministro para colocá-lo no corner, para que, quem sabe, ele desista de sua missão como ministro.”",Brasil,"“É assim que eles vão agir”, diz Doria sobre a esquerda no debate da reforma da Previdência",04/04/2019 12:53:38
Nao tem subtitle,Diego Amorim,https://www.oantagonista.com/brasil/tucano-cotado-para-o-mec/,"Em Brasília, corre nos bastidores que Izalci Lucas, senador pelo PSDB do Distrito Federal, poderia vir a assumir o Ministério da Educação, em uma eventual queda de Ricardo Vélez.“Não fui convidado oficialmente ainda, ainda não. Muitas especulações. Muita gente me apoiando, mas ainda ninguém falou comigo”, disse o parlamentar a .E se o convite surgir realmente?“Para mim, seria uma missão. Sou soldado da educação.”",Brasil,Tucano cotado para o MEC?,04/04/2019 12:07:25
Nao tem subtitle,Nao tem autor,https://www.oantagonista.com/brasil/qual-e-o-seu-partido/,"Jair Bolsonaro vai se reunir com os presidentes dos partidos, mas os partidos não existem mais.Segundo pesquisa do Atlas Político, 65,6% dos entrevistados descarta todas as siglas.O PT ainda tem 15,8% do eleitorado, embora a  dos brasileiros defenda que Lula continue na cadeia.O PSL evaporou em seis meses. E o resto é irrelevante.",Brasil,Qual é o seu partido?,04/04/2019 11:40:37
Nao tem subtitle,Nao tem autor,https://www.oantagonista.com/brasil/alckmin-aquilo-que-gente-entender-que-nao-e-justo-votaremos-contra/,"Geraldo Alckmin saiu do encontro com Jair Bolsonaro sem manifestar grande entusiasmo:“O importante na reforma é idade mínima e tempo de transição. A reforma é muito complexa, muito detalhista, muito longa. Nós não aprovaremos nenhum benefício menor que um salário mínimo.A reforma da Previdência precisa ser centrada em dois objetivos. O primeiro é justiça social. Não é possível permitir privilégios e é preciso proteger aqueles que mais precisam.Temos um sistema de distribuição de renda, que é o regime geral. São mais de 33 milhões de aposentados e pensionistas, 70% ganha um salário mínimo e  a média é R$ 1.390 e ninguém ganham mais que R$ 5 mil.”Sobre a possibilidade de fazer parte do governo, ele respondeu:“O PSDB tem uma postura de independência em relação ao governo. Não há nenhum tipo de troca. Não participaremos do governo, não aceitamos no governo e votamos com o Brasil. Aquilo que a gente entende que é importante para o país, para voltar a crescer, ter emprego, ter renda, o partido vai votar favorável. Aquilo que a gente entender que não é justo, nós votaremos contra.” ",Brasil,Alckmin: “Não há nenhum tipo de troca”,04/04/2019 12:20:37
Nao tem subtitle,Diego Amorim,https://www.oantagonista.com/brasil/se-fosse-na-semana-passada-seria-uma-catastrofe/,"O líder do PR, Wellington Roberto, disse a  que o adiamento da ida de Paulo Guedes à CCJ não foi capaz de amenizar os ânimos na Câmara.“Se fosse na semana passada, seria uma catástrofe. Ontem, não foi bom. Quando há um enfrentamento, é porque os dois lados erraram”, comentou.Na avaliação do deputado, “o ministro afrontou o Parlamento” e a oposição também não se comportou bem.“Não estou vendo um clima mais ameno. Pelo contrário, acho que houve um acirramento. E não precisa ser político ou jornalista para perceber que a sessão de ontem não foi boa para o governo. O próprio partido do presidente não mostrou serviço e aqueles que eles contam como suposta base também não compareceram.”Ainda segundo Roberto, “o clima é de guerra”.",Brasil,"“Se fosse na semana passada, seria uma catástrofe”",04/04/2019 12:17:58
Nao tem subtitle,Diego Amorim,https://www.oantagonista.com/brasil/ele-nao-tem-que-fazer-perguntas-para-o-parlamento/," enviou a deputados da oposição que compõem a CCJ as perguntas feitas ontem por Paulo Guedes e que, na confusão, acabaram ficando sem respostas.Por exemplo: Por que não botaram imposto sobre dividendos, não cortaram dividendos? Por que deram benefícios para bilionários? Por que deram dinheiro para a JBS? Por que deram dinheiro para o BNDES? Vocês têm medo de cortar a aposentadoria dos militares?O petista Henrique Fontana quis conversar com o site. O deputado, que foi líder nos governos de Lula e Dilma Rousseff, avaliou que o ministro da Economia “fez divagações de caráter genérico” e disse esperar que “ele volte pelo menos na comissão especial”.Sobre a pergunta feita por Guedes em relação à aposentadoria dos militares, Fontana comentou:“Não concordo com o texto das militares. O ministro fez uma provocação extremamente irresponsável. Ele deveria ter dito qual a opinião do governo sobre os militares. Ele estava lá para defender a posição do governo que ele representa. Eu posso responder qualquer pergunta que ele fizer para mim. Mas ele tem que responder as perguntas sobre as propostas. Ele não tem que fazer perguntas para o Parlamento, ele tem que explicar por que defendeu aquela proposta.”Sobre as demais perguntas do ministro, o parlamentar afirmou que, no governo do PT, em 2012, o Congresso aprovou, na avaliação dele, “a reforma mais estrutural das últimas décadas para o regimento de Previdência para servidores”, sem o voto do então deputado Jair Bolsonaro. Ele também disse que o governo petista tentou aprovar o imposto sobre lucros e dividendos, mas “a direita e a centro-direita negaram essa possibilidade”.Fontana terminou a conversa acusando o ministro, vejam só, de “brincar de dividir o Brasil”.“Ele tem que aprender a ter um convívio de urbanidade, ele não é dono do Brasil. Ele não está falando com os empregados dele.”Ao perceber a besteira que falou, o deputado se corrigiu a tempo: “Nem com os empregados ele deveria falar assim”.",Brasil,“Ele não tem que fazer perguntas para o Parlamento”,04/04/2019 11:35:24
Nao tem subtitle,Nao tem autor,https://www.oantagonista.com/brasil/moro-no-twitter/,Sergio Moro se rendeu ao Twitter.O ministro da Justiça diz que usará a rede social para explicar o pacote anticrime e outras medidas da pasta.,Brasil,Moro no Twitter,04/04/2019 10:53:14
Nao tem subtitle,Diego Amorim,https://www.oantagonista.com/brasil/psd-nao-integrara-base-de-bolsonaro/,"Gilberto Kassab, presidente do PSD, deixou o encontro com Jair Bolsonaro, no Palácio do Planalto, reafirmando que o partido não fechará questão sobre a reforma da Previdência.A legenda, segundo ele, vai contribuir para a aprovação das reformas, mas continuará com uma postura independente, ou seja, não integrará a base de apoio ao governo.",Brasil,PSD não integrará base de Bolsonaro,04/04/2019 10:37:04
Nao tem subtitle,Nao tem autor,https://www.oantagonista.com/brasil/bolsonaro-cai-2/,"A aprovação do governo de Jair Bolsonaro continua em queda.Segundo a pesquisa do Atlas Político, ele é bom ou ótimo para 30,5% do eleitorado, regular para 32,4% e ruim ou péssimo para 31,2%.Em fevereiro, ele aparecia com 38,7% de bom ou ótimo, 29,6% de regular e 22,5% de ruim ou péssimo.",Brasil,Bolsonaro cai,04/04/2019 10:17:17
Nao tem subtitle,Nao tem autor,https://www.oantagonista.com/brasil/deputado-rebate-secretario-da-receita/,"Daniel Coelho, líder do Cidadania (ex-PPS) na Câmara, rebateu no Twitter o secretário especial da Receita, Marcos Cintra, que escreveu que Paulo Guedes “mostrou que não precisa ter apoio de ninguém para aprovar seus projetos no Legislativo”.“Para de falar besteira”, disse o deputado.“Se não tiver como ajudar, melhor ficar calado para não atrapalhar.”",Brasil,Deputado rebate secretário da Receita,04/04/2019 10:20:50
Nao tem subtitle,Nao tem autor,https://www.oantagonista.com/brasil/marinho-diz-que-ccj-nao-teve-o-melhor-dos-desfechos/,"Na saída de um evento da construção civil em São Paulo, o secretário especial da Previdência, Rogério Marinho, disse há pouco que a sessão da CCJ da Câmara ontem “não teve o melhor dos desfechos”.Mas a avaliação dele da participação de Paulo Guedes é positiva.“A avaliação é positiva porque o dia de ontem não foi para discutir o projeto da reforma da Previdência, para entrar em detalhes, em motivações. Foi um dia para discutir uma questão política, para apresentar as visões de mundo que cada um dos grupos representados tem. Mas quem ganhou a eleição foi um grupo que tem uma visão liberal, que quer desburocratizar e simplificar a Constituição.”",Brasil,Marinho diz que CCJ ‘não teve o melhor dos desfechos’,04/04/2019 10:59:22
Nao tem subtitle,Nao tem autor,https://www.oantagonista.com/brasil/deu-para-entender-provoca-secretario/,"Marcos Cintra, secretário especial da Receita, voltou ao Twitter para explicar a mensagem publicada ontem, quando ele escreveu que Paulo Guedes “não precisa ter apoio de ninguém para aprovar seus projetos no Legislativo”.“Tem gente que não entendeu: vou soletrar”, diz ele.",Brasil,"“Deu para entender?”, provoca secretário",04/04/2019 11:06:16
Nao tem subtitle,Nao tem autor,https://www.oantagonista.com/brasil/sergio-moro-e-figura-mais-popular-brasil/,"Sergio Moro é – disparado – a figura mais popular do Brasil.A pesquisa do Atlas Político, encomendada pelo El País, revela que 61,5% dos brasileiros têm uma imagem positiva dele.Jair Bolsonaro está em segundo lugar: 49,5% a favor e 40,7% contra.A imagem de Paulo Guedes é muito positiva: 39,1%. E isso foi antes do tchutchuca.",Brasil,Sergio Moro é a figura mais popular do Brasil,04/04/2019 10:10:42
Nao tem subtitle,Nao tem autor,https://www.oantagonista.com/brasil/decisao-de-toffoli-que-adiou-o-julgamento-da-prisao-na-2a-instancia/,"Dias Toffoli retirou da pauta o julgamento da prisão em segunda instância, como registramos.Eis o documento em que o presidente do STF comunica o presidente da OAB da decisão — o julgamento estava previsto para o próximo dia 10:",Brasil,A decisão de Toffoli que adiou o julgamento da prisão na 2ª instância,04/04/2019 10:32:05
Nao tem subtitle,Nao tem autor,https://www.oantagonista.com/brasil/militares-vao-pressionar-mais-pela-saida-de-velez-diz-jornal/,"A Folha de S. Paulo diz que, “numa ironia”, a defesa do ministro da Educação, Ricardo Vélez, de que os livros escolares precisam ensinar que não houve golpe em 1964 irritou a cúpula militar e “pode ser a gota d´água no seu processo de fritura”.O jornal acrescenta que integrantes do núcleo militar do governo farão chegar a Jair Bolsonaro que a paciência com o ministro acabou.",Brasil,"Militares vão pressionar mais pela saída de Vélez, diz jornal",04/04/2019 11:15:46
Nao tem subtitle,Nao tem autor,https://www.oantagonista.com/brasil/deputado-ataca-lava-jato-enterrou-o-pais/,"O deputado Ricardo Barros, do PP do Paraná, atacou a Lava Jato durante a sessão de ontem da Comissão de Fiscalização Financeira e Controle da Câmara.O ex-ministro da Saúde falou em “castelo de areia” e disse que o país está vivendo um “revés institucional”.“Não é invertendo o ônus da prova, sequestrando bens e obrigando as pessoas a provarem. Cabe ao Judiciário provar a culpa, e não ao cidadão provar que não tem culpa. Vamos parar de brincar, de ficar jogando para a plateia, de fazer fumaça. A Lava Jato enterrou o país, 10% do PIB nós perdemos, porque não quis fazer leniência.”É claro que Paulo Guedes na CCJ dominou o noticiário ontem, mas seus eleitores precisam saber o que você pensa sobre a Lava Jato, deputado. Fica aqui o registro.",Brasil,Deputado ataca a Lava Jato: “Enterrou o país”,04/04/2019 09:30:56
Nao tem subtitle,Nao tem autor,https://www.oantagonista.com/brasil/opiniao-favor-da-prisao-de-lula-se-cristalizou/,"Pesquisa encomendada pelo El País revela que 59,5% dos brasileiros possuem uma imagem negativa de Lula.E 57,9% se mostram  de sua prisão.O diretor do Atlas Político disse:“É certo que a opinião a favor da prisão de Lula se cristalizou.”",Brasil,“A opinião a favor da prisão de Lula se cristalizou”,04/04/2019 10:04:35
Nao tem subtitle,Nao tem autor,https://www.oantagonista.com/brasil/toffoli-retira-da-pauta-prisao-em-segunda-instancia/,"Dias Toffoli retirou da pauta o julgamento da prisão em segunda instância.Diz o G1:“Toffoli tomou a decisão por volta das 23h da quarta-feira, antes de embarcar para Boston, nos Estados Unidos, onde participa de um encontro sobre o Brasil com alunos de universidades americanas.”Lula depende de alguma outra manobra para ser solto imediatamente. ",Brasil,Toffoli retira da pauta a prisão em segunda instância,04/04/2019 09:35:32
Nao tem subtitle,Nao tem autor,https://www.oantagonista.com/brasil/ciro-esquerda-antiga-cai-como-um-patinho/,"Ciro Gomes disse ao Estadão:“Tenho uma tese de que o Bolsonaro está muito bem orientado sob o ponto de vista da marquetagem. Para todas as dificuldades reais que acabam fragilizando (o governo), ele inventa em cima uma tese. E a esquerda antiga cai como um patinho e polariza. É claramente uma estratégia esse divisionismo. Ele vai dando argumentos cíclicos para a turma dele se coesionar (sic) em outro universo (…).Ele vai e diz que o nazismo é de esquerda. Pronto: aí a turma do PT antiga cai, todo mundo achando que vai ‘lacrar’ mostrando que ele é louco. Mas aí o Bolsonaro já deu argumento para coesionar outro universo que não é a perda do comércio exterior ou a inscrição do Brasil no itinerário do terror, que são coisas concretas.”O universo de Ciro Gomes ainda não foi inteiramente coesionado.",Brasil,Ciro: “A esquerda antiga cai como um patinho”,04/04/2019 09:41:56
Nao tem subtitle,Diego Amorim,https://www.oantagonista.com/brasil/zeca-dirceu-questoes-dele-nao-merecem-respostas/," enviou a deputados da oposição que compõem a CCJ as perguntas feitas ontem por Paulo Guedes e que, na confusão, acabaram ficando sem respostas.Por exemplo: Por que não botaram imposto sobre dividendos, não cortaram dividendos? Por que deram benefícios para bilionários? Por que deram dinheiro para a JBS? Por que deram dinheiro para o BNDES? Vocês têm medo de cortar a aposentadoria dos militares?Por enquanto, apenas Zeca Dirceu respondeu. E desta forma:“As questões dele não merecem respostas. Fui prefeito duas vezes e nunca deixei de fazer algo importante em razão de qualquer atitude dos meus antecessores. Isso se chama covardia.”Questionado se não há incoerência na postura da oposição da qual ele faz parte, o filho de Zé Dirceu acrescentou:“Minha obrigação é falar, cobrar, sugerir aquilo que eu e meus eleitores entendemos ser melhor para o Brasil. Ele [Guedes] e grande parte do governo erram feio quando ficam olhando só pra trás, não agem agora, não enxergam lá na frente. Uma tragédia.”",Brasil,Zeca Dirceu: “As questões dele não merecem respostas”,04/04/2019 10:07:41
Nao tem subtitle,Nao tem autor,https://www.oantagonista.com/brasil/prisao-de-lula-tem-o-apoio-de-579-dos-brasileiros/,"Uma pesquisa encomendada pelo El País mostra que 57,9% dos brasileiros defendem a prisão de Lula.Só 33,1% são contrários.Esse número só aumenta.",Brasil,"Prisão de Lula tem o apoio de 57,9% dos brasileiros",04/04/2019 10:00:22
Nao tem subtitle,Diego Amorim,https://www.oantagonista.com/brasil/estrategia-de-collor/," descobriu quais são os  que levaram Fernando Collor a se afastar do Senado por quatro meses.Trata-se de uma estratégia, claro.Collor quer manter força política no estado, onde a família de Renan Calheiros, seu adversário nas urnas, ainda manda e desmanda.Ao abrir espaço para a suplente Renilde Bulhões, o ex-presidente valoriza uma família influente, que já governou Alagoas na década de 1990. Em troca, claro, Collor vai querer o apoio do grupo nas próximas eleições.",Brasil,A estratégia de Collor,04/04/2019 09:00:26
